Date,Zepp_Recovery_Score_(0-100),Zepp_Stress_Score_(0-100),Mazzaroth_Transit_Intensity_(Score),Mazzaroth_Level,Mazzaroth_Transit_Pair,Notes
2026-03-17,,,3306.4,HIGH,Neptune->Uranus,
2026-03-18,,,3390.2,HIGH,Neptune->Uranus,
2026-03-19,,,3482.1,VERY HIGH,Neptune->Uranus,
2026-03-20,,,3759.9,PEAK,Neptune->Uranus,
2026-03-21,,,3401.7,HIGH,Neptune->Uranus,
2026-03-22,,,3352.0,HIGH,Neptune->Uranus,
2026-03-23,,,3209.5,HIGH,Neptune->Uranus,
2026-03-24,,,3199.5,HIGH,Neptune->Uranus,
2026-03-25,,,3263.1,HIGH,Neptune->Uranus,
2026-03-26,,,3317.2,HIGH,Neptune->Uranus,
2026-03-28,,,3399.2,HIGH,Neptune->Uranus,
2026-03-29,,,3309.9,HIGH,Neptune->Uranus,
2026-03-30,,,3192.0,HIGH,Neptune->Uranus,
2026-03-31,,,3281.5,HIGH,Neptune->Uranus,
2026-04-04,,,3181.4,HIGH,Neptune->Uranus,
2026-04-18,,,3207.7,HIGH,Uranus->N.Node,
2026-04-19,,,3274.2,HIGH,Saturn->Saturn,
2026-05-04,,,3347.5,HIGH,Pluto->Venus,
2026-05-05,,,3438.6,VERY HIGH,Saturn->Neptune,
2026-05-06,,,3517.6,VERY HIGH,Saturn->Neptune,
2026-05-07,,,3475.8,VERY HIGH,Saturn->Neptune,
2026-05-10,,,3242.4,HIGH,Saturn->Neptune,
2026-05-11,,,3241.2,HIGH,Saturn->Neptune,
2026-05-13,,,3200.0,HIGH,Saturn->Neptune,
2026-05-15,,,3324.8,HIGH,Neptune->Neptune,
2026-07-06,,,4876.5,PEAK,Neptune->Neptune,
2026-07-23,,,3356.4,HIGH,Mercury->Neptune,
2026-07-25,,,3993.0,PEAK,Saturn->Neptune,
2026-07-26,,,3906.4,PEAK,Saturn->Neptune,
2026-10-15,,,3725.8,PEAK,Pluto->Mars,
2026-10-23,,,3371.0,HIGH,Mercury->Pluto,
2026-11-12,,,3288.7,HIGH,Neptune->Uranus,
2026-11-13,,,3690.9,VERY HIGH,Neptune->Uranus,
2026-11-14,,,3257.4,HIGH,Neptune->Uranus,
2026-11-17,,,3257.4,HIGH,Neptune->Uranus,
2026-12-06,,,3453.2,VERY HIGH,Saturn->Saturn,
2026-12-07,,,3266.2,HIGH,Saturn->Saturn,
2026-12-08,,,3253.4,HIGH,Saturn->Saturn,
2026-12-09,,,3424.0,VERY HIGH,Saturn->Saturn,
2026-12-10,,,5345.4,PEAK,Saturn->Saturn,
2026-12-11,,,4661.8,PEAK,Jupiter->N.Node,
2026-12-12,,,6461.6,PEAK,Neptune->Uranus,
2026-12-13,,,4703.0,PEAK,Neptune->Uranus,
2026-12-14,,,4218.8,PEAK,Neptune->Uranus,
2026-12-17,,,3211.2,HIGH,Neptune->Uranus,
2026-12-18,,,3206.0,HIGH,Neptune->Uranus,
2026-12-19,,,3191.8,HIGH,Neptune->Uranus,
2026-12-20,,,3241.6,HIGH,Neptune->Uranus,
2026-12-21,,,3188.8,HIGH,Neptune->Uranus,
2026-12-23,,,3229.2,HIGH,Neptune->Uranus,
2026-12-24,,,3260.8,HIGH,Neptune->Uranus,
2026-12-27,,,3183.4,HIGH,Neptune->Uranus,
2026-12-29,,,3299.0,HIGH,Neptune->Uranus,
2026-12-30,,,3376.8,HIGH,Neptune->Uranus,
2026-12-31,,,3415.3,HIGH,Neptune->Uranus,
2027-01-01,,,3269.5,HIGH,Neptune->Uranus,
2027-01-02,,,3304.6,HIGH,Neptune->Uranus,
2027-01-03,,,3417.7,VERY HIGH,Mars->Neptune,
2027-01-04,,,3273.5,HIGH,Mars->Neptune,
2027-01-05,,,3198.0,HIGH,Neptune->Uranus,
2027-01-08,,,3384.1,HIGH,Mars->Neptune,
2027-01-10,,,3197.7,HIGH,Mars->Neptune,
2027-02-06,,,3295.2,HIGH,Uranus->N.Node,
2027-02-07,,,4129.6,PEAK,Uranus->N.Node,
2027-02-08,,,4231.4,PEAK,Uranus->N.Node,
2027-02-09,,,3765.8,PEAK,Uranus->N.Node,
2027-02-10,,,3389.5,HIGH,Uranus->N.Node,
2027-03-02,,,3618.3,VERY HIGH,Mercury->N.Node,
2027-03-03,,,3674.2,VERY HIGH,Mercury->N.Node,
2027-03-04,,,3280.4,HIGH,Sun->Pluto,
2027-03-05,,,3273.1,HIGH,Mercury->N.Node,
2027-03-06,,,3336.7,HIGH,Mercury->N.Node,
2027-03-07,,,3194.7,HIGH,Neptune->Neptune,
2027-03-09,,,3260.0,HIGH,Neptune->Neptune,
2027-03-10,,,3261.4,HIGH,Neptune->Neptune,
2027-03-12,,,3204.4,HIGH,Neptune->Neptune,
2027-03-13,,,3205.7,HIGH,N.Node->Moon,
2027-03-15,,,3209.9,HIGH,N.Node->Moon,
2027-03-22,,,3230.6,HIGH,Pluto->Pluto,
2027-03-24,,,3219.7,HIGH,Pluto->Pluto,
2027-03-28,,,3202.5,HIGH,Pluto->Pluto,
2027-03-29,,,3288.3,HIGH,Pluto->Pluto,
2027-03-30,,,3430.6,VERY HIGH,Mars->N.Node,
2027-03-31,,,3411.9,HIGH,Mars->N.Node,
2027-04-01,,,3389.1,HIGH,Mars->N.Node,
2027-04-02,,,3406.5,HIGH,Mars->N.Node,
2027-04-06,,,3211.3,HIGH,Pluto->Pluto,
2027-04-11,,,3736.4,PEAK,Jupiter->N.Node,
2027-04-12,,,3704.6,VERY HIGH,Jupiter->N.Node,
2027-04-13,,,3764.7,PEAK,Jupiter->N.Node,
2027-04-28,,,3191.8,HIGH,Pluto->Pluto,
2027-05-06,,,3464.6,VERY HIGH,Pluto->Pluto,
2027-05-07,,,5011.1,PEAK,Pluto->Pluto,
2027-05-09,,,3325.4,HIGH,Pluto->Pluto,
2027-06-09,,,3374.2,HIGH,Mercury->Neptune,
2027-06-10,,,3184.8,HIGH,Mercury->Neptune,
2027-07-03,,,3440.5,VERY HIGH,Mercury->Uranus,
2027-07-04,,,3569.3,VERY HIGH,Mercury->Uranus,
2027-07-07,,,3368.3,HIGH,Neptune->Neptune,
2027-07-09,,,4157.9,PEAK,Neptune->Neptune,
2027-08-08,,,3350.0,HIGH,Saturn->Uranus,
2027-12-12,,,3682.6,VERY HIGH,Neptune->Neptune,
2027-12-13,,,3810.3,PEAK,Neptune->Neptune,
2027-12-14,,,3737.5,PEAK,Neptune->Neptune,
2027-12-15,,,6372.6,PEAK,Neptune->Neptune,
2027-12-16,,,3965.7,PEAK,Neptune->Neptune,
2027-12-17,,,3893.1,PEAK,Neptune->Neptune,
2027-12-23,,,3535.9,VERY HIGH,Saturn->Sun,
2027-12-24,,,3692.4,VERY HIGH,Saturn->Sun,
2027-12-27,,,3239.0,HIGH,Neptune->Neptune,
2028-01-11,,,3893.3,PEAK,Jupiter->Sun,
2028-01-12,,,3582.9,VERY HIGH,Jupiter->Sun,
2028-02-12,,,3402.0,HIGH,Uranus->Mercury,
2028-02-13,,,3271.9,HIGH,Pluto->Pluto,
2028-05-07,,,3578.0,VERY HIGH,Pluto->Pluto,
2028-05-08,,,5198.1,PEAK,Pluto->Pluto,
2028-05-09,,,4155.9,PEAK,Pluto->Pluto,
2028-05-10,,,3878.5,PEAK,Pluto->Pluto,
2028-05-11,,,3693.0,VERY HIGH,Neptune->Saturn,
2028-05-12,,,3577.9,VERY HIGH,Jupiter->Sun,
2028-05-13,,,3654.7,VERY HIGH,Jupiter->Sun,
2028-05-14,,,3677.7,VERY HIGH,Jupiter->Sun,
2028-05-15,,,3220.3,HIGH,Jupiter->Sun,
2028-05-16,,,3309.2,HIGH,Neptune->Jupiter,
2028-05-17,,,3256.9,HIGH,Neptune->Jupiter,
2028-05-20,,,3431.0,VERY HIGH,Mercury->Sun,
2028-05-21,,,3263.2,HIGH,Neptune->Jupiter,
2028-07-08,,,3217.6,HIGH,Neptune->Neptune,
2028-07-09,,,3321.4,HIGH,Neptune->Neptune,
2028-07-10,,,4601.2,PEAK,Neptune->Neptune,
2028-07-11,,,4280.2,PEAK,Neptune->Neptune,
2028-07-13,,,3194.8,HIGH,Neptune->Neptune,
2028-08-18,,,3199.7,HIGH,Saturn->Pluto,
2028-08-21,,,4004.9,PEAK,Saturn->Pluto,
2028-08-22,,,3734.1,PEAK,Saturn->Pluto,
2028-09-18,,,3745.4,PEAK,Uranus->Sun,
2028-10-18,,,3274.1,HIGH,Pluto->Venus,
2028-12-14,,,3226.6,HIGH,Neptune->Neptune,
2028-12-15,,,3408.5,HIGH,Neptune->Neptune,
2028-12-16,,,4788.8,PEAK,Neptune->Neptune,
2028-12-17,,,3527.0,VERY HIGH,Neptune->Neptune,
2028-12-18,,,3245.9,HIGH,Neptune->Neptune,
2028-12-30,,,3191.8,HIGH,Pluto->Pluto,
2028-12-31,,,3561.9,VERY HIGH,Pluto->Pluto,
2029-01-01,,,3246.8,HIGH,Pluto->Pluto,
2029-01-02,,,3199.9,HIGH,Pluto->Pluto,
2029-01-03,,,3380.9,HIGH,Pluto->Pluto,
2029-01-04,,,3872.6,PEAK,Saturn->Neptune,
2029-01-05,,,4174.7,PEAK,Saturn->Neptune,
2029-01-06,,,3306.0,HIGH,Pluto->Pluto,
2029-01-08,,,3233.3,HIGH,Pluto->Pluto,
2029-01-09,,,3244.6,HIGH,Pluto->Pluto,
2029-02-09,,,3532.4,VERY HIGH,Jupiter->N.Node,
2029-02-10,,,3304.5,HIGH,Jupiter->N.Node,
2029-02-12,,,3453.9,VERY HIGH,Mars->Neptune,
2029-02-13,,,3671.7,VERY HIGH,Mars->Neptune,
2029-02-14,,,3621.4,VERY HIGH,Uranus->Neptune,
2029-02-15,,,4151.7,PEAK,Uranus->Neptune,
2029-02-16,,,3761.5,PEAK,Uranus->Neptune,
2029-03-07,,,3249.1,HIGH,Neptune->Saturn,
2029-03-08,,,3291.6,HIGH,Neptune->Saturn,
2029-03-09,,,3404.0,HIGH,Neptune->Saturn,
2029-03-10,,,3243.2,HIGH,Neptune->Saturn,
2029-03-11,,,3254.6,HIGH,Neptune->Saturn,
2029-03-12,,,3222.0,HIGH,Neptune->Saturn,
2029-03-14,,,3216.2,HIGH,Pluto->Pluto,
2029-03-15,,,3412.2,HIGH,N.Node->Neptune,
2029-03-16,,,3461.6,VERY HIGH,N.Node->Neptune,
2029-03-17,,,3394.2,HIGH,N.Node->Neptune,
2029-03-18,,,3484.8,VERY HIGH,N.Node->Neptune,
2029-03-19,,,3231.7,HIGH,Neptune->Jupiter,
2029-03-20,,,3195.9,HIGH,Neptune->Jupiter,
2029-03-21,,,3203.1,HIGH,Neptune->Jupiter,
2029-03-22,,,3379.9,HIGH,Pluto->Pluto,
2029-03-23,,,3343.6,HIGH,Pluto->Pluto,
2029-03-24,,,3407.9,HIGH,Pluto->Pluto,
2029-03-25,,,3312.2,HIGH,Pluto->Pluto,
2029-03-27,,,3374.6,HIGH,Pluto->Pluto,
2029-03-28,,,3409.7,HIGH,Pluto->Pluto,
2029-03-29,,,3261.8,HIGH,Pluto->Pluto,
2029-03-30,,,3266.6,HIGH,Saturn->Neptune,
2029-03-31,,,3212.4,HIGH,Saturn->Neptune,
2029-04-25,,,3413.6,HIGH,Saturn->Pluto,
2029-04-26,,,3389.7,HIGH,Saturn->Pluto,
2029-04-27,,,3428.4,VERY HIGH,Saturn->Pluto,
2029-04-28,,,3575.2,VERY HIGH,Saturn->Pluto,
2029-04-29,,,3617.7,VERY HIGH,Neptune->Neptune,
2029-04-30,,,3591.5,VERY HIGH,Neptune->Neptune,
2029-05-01,,,3946.2,PEAK,Neptune->Neptune,
2029-05-02,,,3585.3,VERY HIGH,Neptune->Neptune,
2029-05-03,,,4093.3,PEAK,Mars->Sun,
2029-05-04,,,4118.9,PEAK,Mars->Sun,
2029-05-05,,,4354.3,PEAK,Mars->Sun,
2029-05-06,,,4172.7,PEAK,Mars->Sun,
2029-05-08,,,3734.4,PEAK,Pluto->Pluto,
2029-05-09,,,3722.2,PEAK,Pluto->Pluto,
2029-05-10,,,5023.3,PEAK,Pluto->Pluto,
2029-05-11,,,3628.8,VERY HIGH,Neptune->Neptune,
2029-05-12,,,3629.7,VERY HIGH,Neptune->Neptune,
2029-05-13,,,3187.2,HIGH,Neptune->Neptune,
2029-05-15,,,3224.1,HIGH,Neptune->Neptune,
2029-05-25,,,3243.8,HIGH,Mercury->Pluto,
2029-06-13,,,3349.8,HIGH,Jupiter->Mercury,
2029-07-11,,,3364.1,HIGH,Neptune->Neptune,
2029-07-12,,,3334.5,HIGH,Neptune->Neptune,
2029-07-13,,,4999.5,PEAK,Neptune->Neptune,
2029-08-18,,,3278.1,HIGH,N.Node->Uranus,
2029-08-19,,,3492.5,VERY HIGH,N.Node->Uranus,
2029-08-20,,,3424.1,VERY HIGH,Saturn->N.Node,
2029-08-21,,,3262.6,HIGH,Saturn->N.Node,
2029-08-22,,,3351.1,HIGH,Saturn->N.Node,
2029-08-23,,,3219.8,HIGH,Saturn->N.Node,
2029-08-24,,,3208.7,HIGH,Saturn->N.Node,
2029-08-25,,,3303.5,HIGH,Saturn->N.Node,
2029-08-30,,,3182.0,HIGH,Neptune->Neptune,
2029-09-01,,,3682.6,VERY HIGH,Mercury->Uranus,
2029-09-02,,,3811.9,PEAK,Mercury->Uranus,
2029-09-03,,,3315.2,HIGH,Saturn->N.Node,
2029-09-05,,,4159.2,PEAK,Saturn->N.Node,
2029-09-06,,,4081.4,PEAK,Saturn->N.Node,
2029-09-15,,,3272.5,HIGH,Neptune->Neptune,
2029-09-16,,,3278.0,HIGH,Neptune->Neptune,
2029-09-20,,,3344.8,HIGH,Saturn->N.Node,
2029-09-21,,,3415.3,VERY HIGH,Saturn->N.Node,
2029-09-22,,,4726.8,PEAK,Uranus->N.Node,
2029-09-23,,,4446.5,PEAK,Uranus->Moon,
2029-09-24,,,3634.8,VERY HIGH,Mercury->Sun,
2029-09-25,,,3338.1,HIGH,Neptune->Neptune,
2029-09-26,,,3337.9,HIGH,Neptune->Neptune,
2029-10-20,,,3971.8,PEAK,Pluto->Pluto,
2029-10-22,,,3226.2,HIGH,Pluto->Pluto,
2029-11-16,,,3183.8,HIGH,Pluto->Pluto,
2029-12-12,,,3207.7,HIGH,Pluto->Pluto,
2029-12-15,,,3446.3,VERY HIGH,Pluto->Pluto,
2029-12-16,,,3859.9,PEAK,Neptune->Saturn,
2029-12-17,,,3809.4,PEAK,Neptune->Saturn,
2029-12-18,,,5149.6,PEAK,Neptune->Saturn,
2029-12-19,,,3567.1,VERY HIGH,Neptune->Saturn,
2029-12-20,,,3784.5,PEAK,Neptune->Saturn,
2029-12-21,,,4435.0,PEAK,Mercury->Neptune,
2029-12-23,,,3192.5,HIGH,Sun->Uranus,
2030-01-09,,,3184.8,HIGH,Mercury->Uranus,
2030-01-10,,,3714.0,PEAK,Mercury->Uranus,
2030-01-14,,,3347.2,HIGH,Saturn->Pluto,
2030-01-15,,,3238.2,HIGH,Saturn->Pluto,
2030-01-16,,,3351.7,HIGH,Saturn->Pluto,
2030-01-17,,,3316.6,HIGH,Saturn->Pluto,
2030-01-18,,,4066.7,PEAK,Saturn->Pluto,
2030-01-19,,,4503.3,PEAK,Saturn->Pluto,
2030-01-20,,,3463.6,VERY HIGH,Saturn->Pluto,
2030-01-21,,,3486.8,VERY HIGH,Saturn->Pluto,
2030-01-22,,,3567.5,VERY HIGH,Saturn->Pluto,
2030-01-23,,,3187.9,HIGH,Pluto->Pluto,
2030-01-25,,,3631.0,VERY HIGH,Venus->Neptune,
2030-01-26,,,3729.2,PEAK,Venus->Neptune,
2030-01-27,,,3838.2,PEAK,Venus->Neptune,
2030-01-28,,,3211.4,HIGH,Jupiter->N.Node,
2030-01-30,,,3256.6,HIGH,Pluto->Pluto,
2030-02-02,,,3230.0,HIGH,Pluto->Pluto,
2030-02-20,,,3794.4,PEAK,Uranus->Sun,
2030-03-12,,,3469.5,VERY HIGH,Jupiter->N.Node,
2030-03-13,,,3420.1,VERY HIGH,Neptune->Neptune,
2030-03-14,,,3231.6,HIGH,Neptune->Neptune,
2030-03-16,,,3343.5,HIGH,Neptune->Neptune,
2030-03-17,,,3280.6,HIGH,Neptune->Neptune,
2030-03-19,,,3189.5,HIGH,Neptune->Neptune,
2030-04-12,,,3716.3,PEAK,Mercury->Saturn,
2030-04-15,,,3204.9,HIGH,Pluto->Pluto,
2030-05-05,,,3287.7,HIGH,Pluto->Pluto,
2030-05-06,,,3349.3,HIGH,Pluto->Pluto,
2030-05-10,,,3419.9,VERY HIGH,Pluto->Pluto,
2030-05-11,,,3375.8,HIGH,Pluto->Pluto,
2030-05-12,,,4628.4,PEAK,Pluto->Pluto,
2030-05-13,,,3206.5,HIGH,Pluto->Pluto,
2030-05-14,,,3190.5,HIGH,Pluto->Pluto,
2030-07-13,,,4081.8,PEAK,Jupiter->Pluto,
2030-07-14,,,4026.4,PEAK,Jupiter->Pluto,
2030-07-15,,,4010.1,PEAK,Jupiter->Pluto,
2030-07-16,,,4750.4,PEAK,Neptune->Neptune,
2030-07-17,,,3507.8,VERY HIGH,Jupiter->Pluto,
2030-07-18,,,3509.2,VERY HIGH,Jupiter->Pluto,
2030-09-27,,,4099.9,PEAK,Uranus->N.Node,
2030-09-28,,,3716.8,PEAK,Uranus->N.Node,
2030-10-22,,,3376.6,HIGH,Pluto->Pluto,
2030-12-05,,,3799.3,PEAK,Mercury->Uranus,
2030-12-19,,,3193.3,HIGH,Neptune->Neptune,
2030-12-20,,,3202.0,HIGH,Neptune->Neptune,
2030-12-21,,,4846.2,PEAK,Neptune->Neptune,
2031-02-01,,,3381.5,HIGH,Saturn->Uranus,
2031-02-02,,,3549.8,VERY HIGH,Saturn->Uranus,
2031-02-16,,,3193.4,HIGH,Jupiter->Chiron,
2031-02-22,,,3261.1,HIGH,Uranus->Moon,
2031-02-23,,,3248.5,HIGH,Uranus->Moon,
2031-02-24,,,4130.8,PEAK,Uranus->Moon,
2031-02-25,,,4322.6,PEAK,Uranus->N.Node,
2031-02-26,,,3467.6,VERY HIGH,Uranus->N.Node,
2031-02-27,,,3392.5,HIGH,Uranus->N.Node,
2031-03-17,,,3293.6,HIGH,Mars->Pluto,
2031-03-18,,,3276.0,HIGH,Mars->Pluto,
2031-03-19,,,3337.6,HIGH,Mars->Pluto,
2031-03-20,,,3233.3,HIGH,Mars->Pluto,
2031-03-21,,,3232.2,HIGH,Mars->Pluto,
2031-03-22,,,3285.6,HIGH,Mars->Pluto,
2031-03-23,,,3305.1,HIGH,Mars->Pluto,
2031-03-24,,,3226.6,HIGH,Mars->Pluto,
2031-03-25,,,3318.3,HIGH,Mars->Pluto,
2031-03-26,,,3894.5,PEAK,Mars->Pluto,
2031-03-27,,,3857.2,PEAK,Mars->Pluto,
2031-03-28,,,3856.7,PEAK,Mars->Pluto,
2031-03-29,,,3784.2,PEAK,Mars->Pluto,
2031-03-30,,,3729.5,PEAK,Mars->Pluto,
2031-03-31,,,3300.4,HIGH,Pluto->Pluto,
2031-04-03,,,3256.9,HIGH,Pluto->Pluto,
2031-04-04,,,3243.7,HIGH,Pluto->Pluto,
2031-04-05,,,3252.2,HIGH,Pluto->Pluto,
2031-04-06,,,3233.0,HIGH,Pluto->Pluto,
2031-04-07,,,3183.7,HIGH,Pluto->Pluto,
2031-04-08,,,3451.8,VERY HIGH,Pluto->Pluto,
2031-04-09,,,3459.8,VERY HIGH,Pluto->Pluto,
2031-04-10,,,3415.9,VERY HIGH,Pluto->Pluto,
2031-04-11,,,3443.7,VERY HIGH,Pluto->Pluto,
2031-04-12,,,3459.8,VERY HIGH,Pluto->Pluto,
2031-04-13,,,3550.4,VERY HIGH,Pluto->Pluto,
2031-04-14,,,4706.1,PEAK,Jupiter->Uranus,
2031-04-15,,,4692.3,PEAK,Jupiter->Uranus,
2031-04-16,,,3602.5,VERY HIGH,Pluto->Pluto,
2031-04-17,,,4365.0,PEAK,Mercury->Saturn,
2031-04-18,,,4441.0,PEAK,Mercury->Saturn,
2031-04-19,,,3716.1,PEAK,Pluto->Pluto,
2031-04-20,,,3582.2,VERY HIGH,Pluto->Pluto,
2031-04-21,,,3663.9,VERY HIGH,Pluto->Pluto,
2031-04-26,,,3206.8,HIGH,Pluto->Pluto,
2031-04-27,,,3212.0,HIGH,Pluto->Pluto,
2031-04-30,,,3258.1,HIGH,Pluto->Pluto,
2031-05-01,,,3273.7,HIGH,Pluto->Pluto,
2031-05-02,,,3287.3,HIGH,Pluto->Pluto,
2031-05-03,,,3248.5,HIGH,Pluto->Pluto,
2031-05-04,,,3325.8,HIGH,Pluto->Pluto,
2031-05-06,,,3190.7,HIGH,Pluto->Pluto,
2031-05-07,,,3319.4,HIGH,Pluto->Pluto,
2031-05-09,,,3295.4,HIGH,Pluto->Pluto,
2031-05-10,,,3232.7,HIGH,Pluto->Pluto,
2031-05-12,,,3948.7,PEAK,Pluto->Pluto,
2031-05-13,,,4077.3,PEAK,Pluto->Pluto,
2031-05-14,,,6157.5,PEAK,Pluto->Pluto,
2031-05-15,,,4069.6,PEAK,Pluto->Pluto,
2031-05-16,,,3974.6,PEAK,Pluto->Pluto,
2031-05-17,,,3274.2,HIGH,Pluto->Pluto,
2031-05-19,,,3242.6,HIGH,Pluto->Pluto,
2031-05-20,,,3223.4,HIGH,Pluto->Pluto,
2031-05-23,,,3190.3,HIGH,Pluto->Pluto,
2031-05-24,,,3199.7,HIGH,Pluto->Pluto,
2031-06-12,,,3391.8,HIGH,Pluto->Pluto,
2031-06-13,,,3319.0,HIGH,Pluto->Pluto,
2031-06-14,,,3312.7,HIGH,Pluto->Pluto,
2031-06-30,,,3230.6,HIGH,Pluto->Pluto,
2031-07-04,,,3221.4,HIGH,Uranus->Chiron,
2031-07-07,,,3184.9,HIGH,Uranus->N.Node,
2031-07-08,,,3240.4,HIGH,Uranus->N.Node,
2031-07-09,,,3190.8,HIGH,Uranus->N.Node,
2031-07-10,,,3232.2,HIGH,Uranus->N.Node,
2031-07-11,,,3192.1,HIGH,Uranus->N.Node,
2031-07-12,,,3280.7,HIGH,Venus->N.Node,
2031-07-13,,,3252.4,HIGH,Uranus->N.Node,
2031-07-14,,,3234.9,HIGH,Uranus->N.Node,
2031-07-15,,,3189.0,HIGH,Uranus->N.Node,
2031-07-16,,,3564.3,VERY HIGH,Neptune->Neptune,
2031-07-17,,,3650.2,VERY HIGH,Neptune->Neptune,
2031-07-18,,,4436.4,PEAK,Neptune->Neptune,
2031-07-19,,,3764.9,PEAK,Venus->N.Node,
2031-07-20,,,3750.5,PEAK,Venus->N.Node,
2031-07-21,,,3490.1,VERY HIGH,Venus->N.Node,
2031-07-24,,,3325.5,HIGH,Uranus->N.Node,
2031-07-28,,,3437.1,VERY HIGH,Mercury->N.Node,
2031-07-29,,,3222.5,HIGH,Mercury->N.Node,
2031-08-14,,,3773.3,PEAK,Jupiter->Chiron,
2031-08-15,,,3639.4,VERY HIGH,Jupiter->Chiron,
2031-08-16,,,3786.2,PEAK,Jupiter->Chiron,
2031-08-18,,,3188.6,HIGH,Saturn->Sun,
2031-08-19,,,3220.6,HIGH,Uranus->Mars,
2031-08-20,,,3212.0,HIGH,Uranus->Mars,
2031-08-21,,,3486.8,VERY HIGH,Mercury->Pluto,
2031-08-31,,,3368.4,HIGH,Venus->Pluto,
2031-09-01,,,3318.9,HIGH,Venus->Pluto,
2031-09-02,,,3317.5,HIGH,Venus->Pluto,
2031-09-19,,,3209.6,HIGH,Jupiter->Sun,
2031-09-20,,,3249.5,HIGH,Jupiter->Sun,
2031-09-21,,,3248.4,HIGH,Pluto->Pluto,
2031-09-23,,,3254.3,HIGH,Pluto->Pluto,
2031-09-24,,,3321.3,HIGH,Pluto->Pluto,
2031-09-25,,,3361.6,HIGH,Pluto->Pluto,
2031-09-26,,,3299.1,HIGH,Pluto->Pluto,
2031-09-27,,,3381.7,HIGH,Pluto->Pluto,
2031-09-28,,,3194.1,HIGH,Pluto->Pluto,
2031-09-29,,,3690.0,VERY HIGH,Uranus->Uranus,
2031-09-30,,,3991.1,PEAK,Uranus->Uranus,
2031-10-01,,,3912.6,PEAK,Uranus->Uranus,
2031-10-02,,,5288.1,PEAK,Uranus->Uranus,
2031-10-03,,,3812.4,PEAK,Uranus->Uranus,
2031-10-04,,,4658.6,PEAK,Saturn->N.Node,
2031-10-05,,,4352.5,PEAK,Saturn->N.Node,
2031-10-06,,,3237.6,HIGH,Pluto->Pluto,
2031-10-07,,,3282.3,HIGH,Pluto->Pluto,
2031-10-08,,,3234.2,HIGH,Pluto->Pluto,
2031-10-16,,,3187.2,HIGH,Pluto->Pluto,
2031-10-22,,,3403.0,HIGH,Pluto->Pluto,
2031-10-23,,,3422.5,VERY HIGH,Pluto->Pluto,
2031-10-24,,,4663.1,PEAK,Pluto->Pluto,
2031-10-25,,,3572.8,VERY HIGH,Pluto->Pluto,
2031-10-26,,,3516.2,VERY HIGH,Pluto->Pluto,
2031-10-28,,,3244.0,HIGH,Pluto->Pluto,
2031-10-29,,,3354.5,HIGH,Pluto->Pluto,
2031-10-30,,,3329.7,HIGH,Pluto->Pluto,
2031-10-31,,,3315.3,HIGH,Pluto->Pluto,
2031-11-02,,,3189.9,HIGH,Pluto->Pluto,
2031-11-03,,,3229.8,HIGH,Pluto->Pluto,
2031-11-04,,,3220.7,HIGH,Pluto->Pluto,
2031-11-14,,,3204.7,HIGH,Uranus->Mars,
2031-11-15,,,3195.1,HIGH,Uranus->Mars,
2031-11-17,,,3320.9,HIGH,Uranus->Mars,
2031-11-18,,,3194.4,HIGH,Uranus->Mars,
2031-11-19,,,3260.6,HIGH,Uranus->Mars,
2031-12-09,,,3335.5,HIGH,Mercury->N.Node,
2031-12-12,,,3249.6,HIGH,Pluto->Pluto,
2031-12-14,,,3304.7,HIGH,Pluto->Pluto,
2031-12-15,,,3345.0,HIGH,Pluto->Pluto,
2031-12-18,,,3206.6,HIGH,Pluto->Pluto,
2031-12-19,,,3210.4,HIGH,Pluto->Pluto,
2031-12-20,,,3245.7,HIGH,Pluto->Pluto,
2031-12-21,,,3621.7,VERY HIGH,Neptune->Neptune,
2031-12-22,,,3638.4,VERY HIGH,Neptune->Neptune,
2031-12-23,,,4736.8,PEAK,Neptune->Neptune,
2031-12-24,,,3681.1,VERY HIGH,Neptune->Neptune,
2031-12-25,,,3634.2,VERY HIGH,Neptune->Neptune,
2031-12-26,,,3192.9,HIGH,Uranus->N.Node,
2031-12-27,,,3259.0,HIGH,Uranus->N.Node,
2031-12-28,,,3220.1,HIGH,Pluto->Pluto,
2031-12-29,,,3343.6,HIGH,Jupiter->Neptune,
2031-12-30,,,3240.5,HIGH,Jupiter->Neptune,
2031-12-31,,,3440.5,VERY HIGH,Jupiter->Neptune,
2032-01-01,,,3378.2,HIGH,Jupiter->Neptune,
2032-01-02,,,3279.9,HIGH,Jupiter->Neptune,
2032-01-04,,,3286.3,HIGH,Pluto->Pluto,
2032-01-05,,,3282.0,HIGH,Pluto->Pluto,
2032-01-14,,,3210.7,HIGH,Uranus->Chiron,
2032-01-15,,,3315.3,HIGH,Uranus->Chiron,
2032-01-16,,,3409.5,HIGH,Uranus->Chiron,
2032-01-17,,,3251.2,HIGH,Pluto->Pluto,
2032-02-03,,,3182.2,HIGH,Pluto->Pluto,
2032-02-08,,,3209.1,HIGH,Pluto->Pluto,
2032-02-11,,,3240.7,HIGH,Pluto->Pluto,
2032-02-12,,,3248.5,HIGH,Pluto->Pluto,
2032-02-13,,,3183.5,HIGH,Pluto->Pluto,
2032-02-14,,,3324.6,HIGH,Pluto->Pluto,
2032-02-15,,,3803.6,PEAK,Pluto->Pluto,
2032-02-16,,,4086.2,PEAK,Pluto->Pluto,
2032-02-17,,,3599.0,VERY HIGH,Pluto->Pluto,
2032-02-18,,,3350.3,HIGH,Pluto->Pluto,
2032-02-19,,,3430.9,VERY HIGH,Pluto->Pluto,
2032-02-21,,,3294.6,HIGH,Pluto->Pluto,
2032-02-26,,,3281.7,HIGH,Pluto->Pluto,
2032-02-27,,,3388.7,HIGH,Pluto->Pluto,
2032-02-28,,,3345.3,HIGH,Pluto->Pluto,
2032-02-29,,,4266.8,PEAK,Uranus->N.Node,
2032-03-01,,,3366.5,HIGH,Pluto->Pluto,
2032-03-02,,,3489.2,VERY HIGH,Pluto->Pluto,
2032-03-03,,,3470.4,VERY HIGH,Pluto->Pluto,
2032-03-05,,,3323.7,HIGH,Pluto->Pluto,
2032-03-06,,,3262.9,HIGH,Pluto->Pluto,
2032-03-07,,,3491.6,VERY HIGH,Mercury->Uranus,
2032-03-09,,,3261.0,HIGH,Pluto->Pluto,
2032-03-29,,,3425.0,VERY HIGH,Mercury->Sun,
2032-03-30,,,3518.8,VERY HIGH,Mercury->Sun,
2032-04-14,,,3203.6,HIGH,Uranus->Chiron,
2032-04-15,,,3281.4,HIGH,Uranus->Chiron,
2032-04-16,,,3187.8,HIGH,Uranus->Chiron,
2032-04-21,,,3220.2,HIGH,Pluto->Pluto,
2032-04-22,,,3208.5,HIGH,Pluto->Pluto,
2032-04-23,,,3198.6,HIGH,Pluto->Pluto,
2032-04-25,,,3186.8,HIGH,Pluto->Pluto,
2032-05-13,,,3745.1,PEAK,Pluto->Pluto,
2032-05-14,,,3584.1,VERY HIGH,Pluto->Pluto,
2032-05-15,,,5042.2,PEAK,Pluto->Pluto,
2032-05-16,,,3467.9,VERY HIGH,Pluto->Pluto,
2032-06-09,,,3181.4,HIGH,Pluto->Pluto,
2032-06-12,,,3211.4,HIGH,Pluto->Pluto,
2032-09-16,,,3595.4,VERY HIGH,Jupiter->Sun,
2032-09-17,,,3699.7,VERY HIGH,Jupiter->Sun,
2032-09-18,,,3696.8,VERY HIGH,Jupiter->Sun,
2032-10-03,,,3670.6,VERY HIGH,Uranus->Uranus,
2032-10-04,,,3646.1,VERY HIGH,Uranus->Uranus,
2032-10-05,,,3413.2,HIGH,Uranus->Uranus,
2032-10-06,,,4986.5,PEAK,Uranus->Uranus,
2032-10-07,,,3469.6,VERY HIGH,Uranus->Uranus,
2032-10-08,,,3362.3,HIGH,Uranus->Uranus,
2032-10-09,,,3421.0,VERY HIGH,Uranus->Uranus,
2032-10-14,,,3316.2,HIGH,Saturn->Neptune,
2032-10-15,,,3332.1,HIGH,Saturn->Neptune,
2032-10-16,,,3301.4,HIGH,Saturn->Neptune,
2032-10-17,,,3384.7,HIGH,Saturn->Neptune,
2032-10-18,,,4334.3,PEAK,Saturn->Neptune,
2032-10-19,,,3213.5,HIGH,Uranus->Uranus,
2032-10-20,,,3270.4,HIGH,Uranus->Uranus,
2032-10-22,,,3222.4,HIGH,Uranus->Uranus,
2032-10-23,,,3322.3,HIGH,Pluto->Pluto,
2032-10-24,,,3365.6,HIGH,Pluto->Pluto,
2032-10-25,,,4412.2,PEAK,Pluto->Pluto,
2032-10-26,,,3268.9,HIGH,Pluto->Pluto,
2032-10-27,,,3232.6,HIGH,Pluto->Pluto,
2032-11-01,,,3390.7,HIGH,Mercury->N.Node,
2032-12-23,,,3252.8,HIGH,Pluto->Pluto,
2032-12-24,,,3395.4,HIGH,Pluto->Pluto,
2032-12-25,,,4643.7,PEAK,Neptune->Neptune,
2032-12-26,,,3490.5,VERY HIGH,Pluto->Pluto,
2032-12-27,,,3667.8,VERY HIGH,Pluto->Pluto,
2032-12-28,,,3348.9,HIGH,Pluto->Pluto,
2032-12-29,,,3323.8,HIGH,Pluto->Pluto,
2032-12-30,,,3283.0,HIGH,Pluto->Pluto,
2032-12-31,,,3348.2,HIGH,Pluto->Pluto,
2033-01-01,,,3246.8,HIGH,Pluto->Pluto,
2033-01-03,,,3256.1,HIGH,Pluto->Pluto,
2033-01-04,,,3250.5,HIGH,Pluto->Pluto,
2033-02-18,,,3282.9,HIGH,Mercury->Sun,
2033-02-19,,,3184.7,HIGH,Pluto->Pluto,
2033-02-20,,,3214.7,HIGH,Pluto->Pluto,
2033-02-21,,,3244.1,HIGH,Pluto->Pluto,
2033-02-22,,,3208.1,HIGH,Pluto->Pluto,
2033-02-23,,,3298.4,HIGH,Pluto->Pluto,
2033-02-24,,,3298.0,HIGH,Pluto->Pluto,
2033-02-25,,,3483.0,VERY HIGH,Pluto->Pluto,
2033-02-26,,,4053.3,PEAK,Venus->Neptune,
2033-02-27,,,3942.1,PEAK,Venus->Jupiter,
2033-02-28,,,4952.8,PEAK,Saturn->Uranus,
2033-03-01,,,4725.0,PEAK,Saturn->Uranus,
2033-03-02,,,3872.4,PEAK,Saturn->Uranus,
2033-03-03,,,3933.6,PEAK,Saturn->Uranus,
2033-03-04,,,5083.7,PEAK,Uranus->Uranus,
2033-03-05,,,5482.9,PEAK,Uranus->Uranus,
2033-03-06,,,3361.1,HIGH,Uranus->Uranus,
2033-03-07,,,3438.6,VERY HIGH,Uranus->Uranus,
2033-03-09,,,3317.1,HIGH,Pluto->Pluto,
2033-03-10,,,3201.1,HIGH,Pluto->Pluto,
2033-03-12,,,3437.8,VERY HIGH,Mercury->N.Node,
2033-03-13,,,3223.1,HIGH,Pluto->Pluto,
2033-03-14,,,3264.1,HIGH,Pluto->Pluto,
2033-03-15,,,3434.4,VERY HIGH,Pluto->Pluto,
2033-03-16,,,3213.8,HIGH,Pluto->Pluto,
2033-03-17,,,3320.1,HIGH,Pluto->Pluto,
2033-03-18,,,3406.6,HIGH,Jupiter->N.Node,
2033-03-19,,,3349.8,HIGH,Jupiter->N.Node,
2033-03-20,,,3329.6,HIGH,Jupiter->N.Node,
2033-03-22,,,3203.4,HIGH,Jupiter->N.Node,
2033-03-23,,,3283.2,HIGH,Pluto->Pluto,
2033-03-24,,,3403.6,HIGH,Pluto->Pluto,
2033-03-25,,,3212.1,HIGH,Pluto->Pluto,
2033-03-26,,,3252.6,HIGH,Pluto->Pluto,
2033-03-27,,,3265.0,HIGH,Pluto->Pluto,
2033-03-28,,,3342.1,HIGH,Pluto->Pluto,
2033-03-29,,,3378.4,HIGH,Pluto->Pluto,
2033-03-30,,,3326.6,HIGH,Pluto->Pluto,
2033-03-31,,,3291.8,HIGH,Pluto->Pluto,
2033-04-01,,,3300.2,HIGH,Pluto->Pluto,
2033-04-04,,,3198.9,HIGH,Pluto->Pluto,
2033-04-05,,,3203.0,HIGH,Pluto->Pluto,
2033-04-06,,,3184.1,HIGH,Pluto->Pluto,
2033-04-09,,,3490.3,VERY HIGH,Venus->Sun,
2033-04-10,,,3516.9,VERY HIGH,Venus->Sun,
2033-04-11,,,3506.6,VERY HIGH,Venus->Sun,
2033-04-12,,,3341.2,HIGH,Pluto->Pluto,
2033-04-13,,,3492.8,VERY HIGH,Saturn->Uranus,
2033-04-14,,,3449.4,VERY HIGH,Saturn->Uranus,
2033-04-15,,,3383.6,HIGH,Saturn->Uranus,
2033-04-16,,,3282.6,HIGH,Pluto->Pluto,
2033-04-17,,,3280.4,HIGH,Pluto->Pluto,
2033-04-19,,,3218.2,HIGH,Pluto->Pluto,
2033-04-20,,,3368.9,HIGH,Pluto->Pluto,
2033-04-26,,,3280.6,HIGH,Pluto->Pluto,
2033-04-27,,,3233.1,HIGH,Pluto->Pluto,
2033-04-28,,,3198.8,HIGH,Pluto->Pluto,
2033-05-09,,,3198.2,HIGH,Pluto->Pluto,
2033-05-15,,,3895.0,PEAK,Pluto->Pluto,
2033-05-16,,,5799.7,PEAK,Pluto->Pluto,
2033-05-17,,,3752.4,PEAK,Pluto->Pluto,
2033-05-18,,,3654.6,VERY HIGH,Pluto->Pluto,
2033-05-24,,,3602.2,VERY HIGH,Mars->Neptune,
2033-05-25,,,3553.1,VERY HIGH,Mars->Neptune,
2033-05-26,,,3496.6,VERY HIGH,Mars->Neptune,
2033-05-27,,,3536.3,VERY HIGH,Mars->Neptune,
2033-05-28,,,3525.1,VERY HIGH,Mars->Neptune,
2033-06-02,,,3247.0,HIGH,Pluto->Pluto,
2033-06-03,,,3268.5,HIGH,Pluto->Pluto,
2033-06-04,,,3300.7,HIGH,Pluto->Pluto,
2033-06-05,,,3270.6,HIGH,Pluto->Pluto,
2033-06-07,,,3197.4,HIGH,Pluto->Pluto,
2033-06-08,,,3220.9,HIGH,Pluto->Pluto,
2033-06-09,,,3413.5,HIGH,Saturn->Saturn,
2033-06-10,,,3459.3,VERY HIGH,Saturn->Saturn,
2033-06-11,,,3331.9,HIGH,Pluto->Pluto,
2033-06-12,,,3402.0,HIGH,Saturn->Jupiter,
2033-06-13,,,3540.5,VERY HIGH,Saturn->Jupiter,
2033-06-14,,,3433.4,VERY HIGH,Pluto->Pluto,
2033-06-15,,,3382.4,HIGH,Mars->Neptune,
2033-06-16,,,3498.2,VERY HIGH,Pluto->Pluto,
2033-06-17,,,3431.8,VERY HIGH,Uranus->Uranus,
2033-06-18,,,3407.8,HIGH,Uranus->Uranus,
2033-06-19,,,3571.1,VERY HIGH,Uranus->Uranus,
2033-06-20,,,3936.4,PEAK,Mercury->Neptune,
2033-06-21,,,3796.9,PEAK,Mercury->Neptune,
2033-06-22,,,3592.6,VERY HIGH,Uranus->Uranus,
2033-06-23,,,3706.0,VERY HIGH,Uranus->Uranus,
2033-06-24,,,4123.9,PEAK,Jupiter->Pluto,
2033-06-25,,,4013.9,PEAK,Jupiter->Pluto,
2033-06-26,,,3842.5,PEAK,Jupiter->Pluto,
2033-06-27,,,3265.1,HIGH,Uranus->Uranus,
2033-06-29,,,3217.8,HIGH,Uranus->Uranus,
2033-06-30,,,3277.3,HIGH,Uranus->Uranus,
2033-07-01,,,3288.2,HIGH,Uranus->Uranus,
2033-07-14,,,3722.5,PEAK,Mercury->Jupiter,
2033-07-15,,,3726.4,PEAK,Mercury->Jupiter,
2033-07-22,,,3593.5,VERY HIGH,Neptune->N.Node,
2033-07-23,,,3285.3,HIGH,Saturn->Pluto,
2033-07-24,,,3244.0,HIGH,Saturn->Pluto,
2033-07-30,,,3492.1,VERY HIGH,Mars->Uranus,
2033-07-31,,,3464.4,VERY HIGH,Mars->Uranus,
2033-08-01,,,3527.2,VERY HIGH,Mars->Uranus,
2033-08-02,,,3506.9,VERY HIGH,Mars->Uranus,
2033-10-10,,,4322.0,PEAK,Uranus->Neptune,
2033-10-11,,,4024.5,PEAK,Uranus->Neptune,
2033-10-27,,,4183.9,PEAK,Pluto->Pluto,
2033-12-27,,,3453.8,VERY HIGH,Neptune->Mercury,
2034-02-23,,,3618.2,VERY HIGH,Mercury->Pluto,
2034-02-24,,,3333.6,HIGH,Mercury->Pluto,
2034-02-25,,,3312.5,HIGH,Pluto->N.Node,
2034-02-26,,,3430.7,VERY HIGH,Pluto->N.Node,
2034-02-27,,,3196.9,HIGH,Pluto->N.Node,
2034-02-28,,,3182.4,HIGH,Pluto->N.Node,
2034-03-01,,,3206.5,HIGH,Uranus->Uranus,
2034-03-02,,,3282.2,HIGH,Uranus->Uranus,
2034-03-03,,,3355.0,HIGH,Uranus->Uranus,
2034-03-04,,,3556.6,VERY HIGH,Uranus->Uranus,
2034-03-05,,,3524.5,VERY HIGH,Uranus->Uranus,
2034-03-06,,,4049.1,PEAK,Uranus->Uranus,
2034-03-07,,,4064.3,PEAK,Uranus->Uranus,
2034-03-08,,,4116.2,PEAK,Uranus->Uranus,
2034-03-09,,,5553.8,PEAK,Uranus->Uranus,
2034-03-10,,,4094.9,PEAK,Uranus->Uranus,
2034-03-11,,,4441.3,PEAK,Uranus->Uranus,
2034-03-12,,,4492.5,PEAK,Uranus->Uranus,
2034-03-13,,,3824.0,PEAK,Uranus->Uranus,
2034-03-14,,,4011.0,PEAK,Uranus->Uranus,
2034-03-15,,,4799.2,PEAK,Saturn->Neptune,
2034-03-16,,,5024.2,PEAK,Saturn->Neptune,
2034-03-17,,,4002.4,PEAK,Uranus->Uranus,
2034-03-18,,,3961.4,PEAK,Uranus->Uranus,
2034-03-19,,,3860.3,PEAK,Pluto->N.Node,
2034-03-20,,,3513.1,VERY HIGH,Pluto->N.Node,
2034-03-21,,,3320.1,HIGH,Pluto->N.Node,
2034-03-22,,,3400.5,HIGH,Pluto->N.Node,
2034-03-23,,,3373.6,HIGH,Pluto->N.Node,
2034-03-24,,,3310.5,HIGH,Pluto->N.Node,
2034-03-25,,,3317.6,HIGH,Pluto->N.Node,
2034-03-26,,,3442.2,VERY HIGH,Pluto->N.Node,
2034-03-27,,,3378.0,HIGH,Pluto->N.Node,
2034-03-28,,,3316.3,HIGH,Pluto->N.Node,
2034-03-29,,,3256.1,HIGH,Pluto->N.Node,
2034-03-30,,,3262.8,HIGH,Pluto->N.Node,
2034-03-31,,,3305.1,HIGH,Pluto->N.Node,
2034-04-01,,,3250.6,HIGH,Pluto->N.Node,
2034-04-02,,,3345.7,HIGH,Pluto->N.Node,
2034-04-03,,,3397.3,HIGH,Pluto->N.Node,
2034-04-04,,,3289.6,HIGH,Pluto->N.Node,
2034-04-05,,,3302.0,HIGH,Pluto->N.Node,
2034-04-06,,,3265.8,HIGH,Pluto->N.Node,
2034-04-07,,,3355.0,HIGH,Pluto->N.Node,
2034-04-08,,,3292.8,HIGH,Pluto->N.Node,
2034-04-09,,,3323.7,HIGH,Pluto->N.Node,
2034-04-10,,,3410.1,HIGH,Pluto->N.Node,
2034-04-11,,,3324.0,HIGH,Pluto->N.Node,
2034-04-12,,,3267.2,HIGH,Pluto->N.Node,
2034-04-13,,,3344.4,HIGH,Pluto->N.Node,
2034-04-14,,,3385.5,HIGH,Pluto->N.Node,
2034-04-15,,,3375.7,HIGH,Pluto->N.Node,
2034-04-16,,,3418.7,VERY HIGH,Pluto->N.Node,
2034-04-17,,,3272.9,HIGH,Pluto->N.Node,
2034-04-19,,,3314.9,HIGH,Pluto->N.Node,
2034-04-20,,,3227.2,HIGH,Pluto->N.Node,
2034-04-21,,,3199.1,HIGH,Pluto->N.Node,
2034-04-22,,,3224.1,HIGH,Pluto->N.Node,
2034-04-23,,,3321.1,HIGH,Pluto->N.Node,
2034-04-24,,,3294.8,HIGH,Pluto->N.Node,
2034-04-25,,,3186.3,HIGH,Pluto->N.Node,
2034-04-26,,,3323.4,HIGH,Pluto->N.Node,
2034-04-27,,,3325.4,HIGH,Pluto->N.Node,
2034-04-28,,,3360.8,HIGH,Pluto->N.Node,
2034-04-29,,,3397.9,HIGH,Pluto->N.Node,
2034-04-30,,,3493.4,VERY HIGH,Pluto->N.Node,
2034-05-01,,,3252.2,HIGH,Pluto->N.Node,
2034-05-02,,,3354.3,HIGH,Pluto->N.Node,
2034-05-03,,,3355.3,HIGH,Pluto->N.Node,
2034-05-04,,,3296.6,HIGH,Pluto->N.Node,
2034-05-05,,,3243.3,HIGH,Pluto->N.Node,
2034-05-06,,,3359.2,HIGH,Pluto->N.Node,
2034-05-07,,,3339.2,HIGH,Pluto->N.Node,
2034-05-08,,,3348.7,HIGH,Pluto->N.Node,
2034-05-09,,,3383.5,HIGH,Pluto->N.Node,
2034-05-10,,,3375.4,HIGH,Pluto->N.Node,
2034-05-11,,,3433.4,VERY HIGH,Pluto->N.Node,
2034-05-12,,,3249.3,HIGH,Pluto->N.Node,
2034-05-13,,,3355.1,HIGH,Pluto->N.Node,
2034-05-14,,,3465.7,VERY HIGH,Pluto->N.Node,
2034-05-15,,,3393.9,HIGH,Pluto->N.Node,
2034-05-16,,,4227.8,PEAK,Pluto->N.Node,
2034-05-17,,,4204.9,PEAK,Pluto->N.Node,
2034-05-18,,,6583.4,PEAK,Pluto->N.Node,
2034-05-19,,,4002.8,PEAK,Pluto->N.Node,
2034-05-20,,,3985.3,PEAK,Pluto->N.Node,
2034-05-21,,,3191.1,HIGH,Pluto->N.Node,
2034-05-25,,,3221.3,HIGH,Pluto->N.Node,
2034-05-26,,,3209.0,HIGH,Pluto->N.Node,
2034-05-28,,,3242.6,HIGH,Pluto->N.Node,
2034-05-29,,,3283.6,HIGH,Pluto->N.Node,
2034-05-30,,,3364.3,HIGH,Pluto->N.Node,
2034-05-31,,,3337.6,HIGH,Pluto->N.Node,
2034-06-01,,,3819.0,PEAK,Mercury->Uranus,
2034-06-02,,,3661.0,VERY HIGH,Mercury->Uranus,
2034-06-03,,,3334.2,HIGH,Pluto->N.Node,
2034-06-04,,,3360.9,HIGH,Pluto->N.Node,
2034-06-05,,,3201.9,HIGH,Pluto->N.Node,
2034-06-10,,,3248.9,HIGH,Pluto->N.Node,
2034-06-12,,,3220.9,HIGH,Pluto->N.Node,
2034-06-13,,,3190.9,HIGH,Pluto->N.Node,
2034-06-21,,,3205.7,HIGH,Pluto->N.Node,
2034-06-22,,,3288.1,HIGH,Pluto->N.Node,
2034-06-23,,,3303.4,HIGH,Pluto->N.Node,
2034-06-24,,,3218.3,HIGH,Pluto->N.Node,
2034-06-25,,,3479.2,VERY HIGH,Mercury->Moon,
2034-06-26,,,3584.5,VERY HIGH,Mercury->N.Node,
2034-06-28,,,3193.2,HIGH,Pluto->N.Node,
2034-06-29,,,3224.2,HIGH,Pluto->N.Node,
2034-07-23,,,3209.8,HIGH,Pluto->N.Node,
2034-07-24,,,3345.5,HIGH,Uranus->Saturn,
2034-07-25,,,3709.6,VERY HIGH,Neptune->N.Node,
2034-07-26,,,3226.1,HIGH,Uranus->Saturn,
2034-07-27,,,3588.5,VERY HIGH,Uranus->Saturn,
2034-07-28,,,3403.2,HIGH,Pluto->N.Node,
2034-07-29,,,3372.1,HIGH,Pluto->N.Node,
2034-07-30,,,3444.9,VERY HIGH,Uranus->Jupiter,
2034-07-31,,,3424.7,VERY HIGH,Uranus->Jupiter,
2034-08-01,,,4235.3,PEAK,Jupiter->Neptune,
2034-08-02,,,4288.5,PEAK,Jupiter->Neptune,
2034-08-03,,,4013.2,PEAK,Jupiter->Neptune,
2034-08-04,,,3356.2,HIGH,Pluto->N.Node,
2034-08-05,,,3245.7,HIGH,Pluto->N.Node,
2034-08-06,,,3255.7,HIGH,Pluto->N.Node,
2034-08-07,,,3324.2,HIGH,Pluto->N.Node,
2034-08-08,,,3216.7,HIGH,Pluto->N.Node,
2034-08-17,,,3206.5,HIGH,Pluto->N.Node,
2034-09-26,,,3318.0,HIGH,Uranus->Neptune,
2034-09-27,,,3364.9,HIGH,Uranus->Neptune,
2034-09-28,,,3275.5,HIGH,Uranus->Neptune,
2034-09-29,,,4033.5,PEAK,Venus->Pluto,
2034-09-30,,,3607.6,VERY HIGH,Venus->Pluto,
2034-10-01,,,3667.9,VERY HIGH,Venus->Pluto,
2034-10-14,,,3191.4,HIGH,Uranus->Neptune,
2034-10-15,,,4749.0,PEAK,Uranus->Neptune,
2034-10-16,,,4588.9,PEAK,Uranus->Neptune,
2034-10-17,,,3282.1,HIGH,Uranus->Neptune,
2034-10-18,,,3227.9,HIGH,Uranus->Neptune,
2034-10-27,,,3287.2,HIGH,Pluto->Pluto,
2034-10-28,,,3313.4,HIGH,Pluto->Pluto,
2034-10-29,,,5279.3,PEAK,Pluto->Pluto,
2034-10-30,,,3509.7,VERY HIGH,Pluto->Pluto,
2034-11-11,,,3320.1,HIGH,Uranus->Neptune,
2034-11-15,,,3383.3,HIGH,Uranus->Neptune,
2034-11-16,,,3197.7,HIGH,Uranus->Neptune,
2034-11-23,,,3266.7,HIGH,Uranus->Neptune,
2034-11-24,,,3181.6,HIGH,Uranus->Neptune,
2034-11-27,,,4369.8,PEAK,Jupiter->Neptune,
2034-11-28,,,4406.6,PEAK,Jupiter->Neptune,
2034-11-29,,,4568.5,PEAK,Jupiter->Neptune,
2034-12-30,,,3441.5,VERY HIGH,Neptune->Chiron,
2035-02-05,,,3250.0,HIGH,Pluto->N.Node,
2035-02-06,,,3361.2,HIGH,Pluto->N.Node,
2035-02-07,,,3217.8,HIGH,Pluto->N.Node,
2035-02-08,,,3264.4,HIGH,Pluto->N.Node,
2035-02-12,,,3266.5,HIGH,Pluto->N.Node,
2035-02-13,,,3196.3,HIGH,Pluto->N.Node,
2035-03-04,,,3228.0,HIGH,Pluto->N.Node,
2035-03-11,,,3422.8,VERY HIGH,Pluto->N.Node,
2035-03-12,,,3331.0,HIGH,Pluto->N.Node,
2035-03-13,,,3420.7,VERY HIGH,Pluto->N.Node,
2035-03-14,,,4800.2,PEAK,Uranus->Neptune,
2035-03-15,,,3381.9,HIGH,Uranus->Neptune,
2035-03-16,,,3588.5,VERY HIGH,Uranus->Neptune,
2035-03-17,,,3486.8,VERY HIGH,Uranus->Neptune,
2035-03-30,,,3361.8,HIGH,Saturn->Venus,
2035-05-11,,,3222.8,HIGH,Uranus->Saturn,
2035-05-12,,,3401.9,HIGH,Uranus->Saturn,
2035-05-13,,,3347.3,HIGH,Uranus->Saturn,
2035-05-14,,,3224.8,HIGH,Uranus->Saturn,
2035-05-15,,,3220.7,HIGH,Pluto->N.Node,
2035-05-17,,,3273.3,HIGH,Pluto->N.Node,
2035-05-18,,,3831.5,PEAK,Pluto->N.Node,
2035-05-19,,,3879.5,PEAK,Pluto->N.Node,
2035-05-20,,,5971.8,PEAK,Pluto->N.Node,
2035-05-21,,,3852.8,PEAK,Pluto->N.Node,
2035-05-22,,,3760.0,PEAK,Pluto->N.Node,
2035-06-01,,,3186.8,HIGH,Pluto->N.Node,
2035-06-03,,,3245.5,HIGH,Pluto->N.Node,
2035-06-04,,,3190.8,HIGH,Pluto->N.Node,
2035-06-05,,,3203.3,HIGH,Mercury->N.Node,
2035-06-06,,,3254.7,HIGH,Mercury->N.Node,
2035-06-24,,,3182.9,HIGH,Uranus->Neptune,
2035-06-25,,,3204.5,HIGH,Uranus->Neptune,
2035-07-01,,,3212.1,HIGH,Uranus->Neptune,
2035-07-02,,,3262.4,HIGH,Jupiter->Pluto,
2035-07-03,,,3268.0,HIGH,Pluto->Moon,
2035-07-04,,,3301.2,HIGH,Pluto->Moon,
2035-07-05,,,3303.5,HIGH,Pluto->Moon,
2035-07-07,,,3268.8,HIGH,Pluto->Moon,
2035-07-08,,,3267.5,HIGH,Pluto->Moon,
2035-07-09,,,3277.9,HIGH,Pluto->Moon,
2035-07-10,,,3481.2,VERY HIGH,Pluto->Moon,
2035-07-11,,,3319.5,HIGH,Pluto->Moon,
2035-07-27,,,3945.0,PEAK,Neptune->N.Node,
2035-07-28,,,3825.1,PEAK,Neptune->N.Node,
2035-08-10,,,3258.3,HIGH,Pluto->Moon,
2035-08-11,,,3278.6,HIGH,Pluto->Moon,
2035-08-13,,,3675.7,VERY HIGH,Mars->Sun,
2035-08-14,,,3674.0,VERY HIGH,Mars->Sun,
2035-08-15,,,3533.9,VERY HIGH,Mars->Sun,
2035-08-16,,,3552.1,VERY HIGH,Mars->Sun,
2035-08-17,,,3202.0,HIGH,Uranus->Pluto,
2035-08-18,,,3263.7,HIGH,Uranus->Pluto,
2035-08-24,,,3256.9,HIGH,Uranus->Pluto,
2035-09-03,,,3221.8,HIGH,Jupiter->Pluto,
2035-09-04,,,3324.4,HIGH,Jupiter->Pluto,
2035-09-05,,,3263.0,HIGH,Jupiter->Pluto,
2035-09-06,,,3447.1,VERY HIGH,Jupiter->Pluto,
2035-09-07,,,3443.5,VERY HIGH,Jupiter->Pluto,
2035-09-08,,,4117.7,PEAK,Jupiter->Pluto,
2035-09-09,,,4203.8,PEAK,Jupiter->Sun,
2035-09-10,,,3547.9,VERY HIGH,Jupiter->Sun,
2035-09-11,,,3667.0,VERY HIGH,Jupiter->Sun,
2035-09-12,,,3976.8,PEAK,Mercury->Mercury,
2035-09-13,,,3373.4,HIGH,Jupiter->Sun,
2035-09-14,,,3382.0,HIGH,Jupiter->Sun,
2035-10-04,,,3744.0,PEAK,Mercury->Mars,
2035-10-05,,,3314.0,HIGH,Pluto->N.Node,
2035-10-06,,,3282.6,HIGH,Pluto->N.Node,
2035-10-13,,,3468.7,VERY HIGH,Mars->Sun,
2035-10-14,,,3476.1,VERY HIGH,Mars->Sun,
2035-10-15,,,3642.4,VERY HIGH,Mars->Sun,
2035-10-16,,,3563.0,VERY HIGH,Mars->Sun,
2035-10-17,,,3673.9,VERY HIGH,Uranus->Neptune,
2035-10-18,,,3720.0,PEAK,Uranus->Neptune,
2035-10-19,,,3638.3,VERY HIGH,Uranus->Neptune,
2035-10-20,,,4908.5,PEAK,Uranus->Neptune,
2035-10-21,,,3514.8,VERY HIGH,Uranus->Neptune,
2035-10-22,,,3388.4,HIGH,Uranus->Neptune,
2035-10-23,,,3314.6,HIGH,Uranus->Neptune,
2035-10-29,,,3753.2,PEAK,Pluto->N.Node,
2035-10-30,,,3702.1,VERY HIGH,Pluto->N.Node,
2035-10-31,,,3893.7,PEAK,Pluto->N.Node,
2035-11-01,,,3872.4,PEAK,Pluto->N.Node,
2035-11-25,,,3223.1,HIGH,Saturn->N.Node,
2035-11-26,,,3199.7,HIGH,Saturn->N.Node,
2035-11-28,,,3263.5,HIGH,Saturn->N.Node,
2035-11-29,,,4164.6,PEAK,Saturn->N.Node,
2035-11-30,,,3966.0,PEAK,Saturn->Moon,
2035-12-01,,,3376.6,HIGH,Pluto->N.Node,
2035-12-02,,,3442.7,VERY HIGH,Pluto->N.Node,
2035-12-03,,,3309.1,HIGH,Pluto->N.Node,
2035-12-05,,,3210.7,HIGH,Pluto->N.Node,
2035-12-06,,,3273.1,HIGH,Pluto->N.Node,
2035-12-09,,,3471.1,VERY HIGH,Pluto->N.Node,
2035-12-12,,,3223.3,HIGH,Pluto->N.Node,
2035-12-13,,,3295.7,HIGH,Pluto->N.Node,
2035-12-14,,,3215.0,HIGH,Pluto->N.Node,
2035-12-15,,,3354.5,HIGH,Uranus->Pluto,
2035-12-16,,,3392.1,HIGH,Uranus->Pluto,
2035-12-17,,,3239.6,HIGH,Uranus->Pluto,
2035-12-18,,,3390.8,HIGH,Uranus->Pluto,
2035-12-19,,,3321.2,HIGH,Uranus->Pluto,
2035-12-20,,,3211.1,HIGH,Pluto->N.Node,
2035-12-22,,,3325.2,HIGH,Pluto->N.Node,
2035-12-24,,,3259.5,HIGH,Pluto->N.Node,
2035-12-30,,,3522.9,VERY HIGH,Pluto->N.Node,
2035-12-31,,,3709.7,VERY HIGH,Pluto->N.Node,
2036-01-01,,,3941.2,PEAK,Neptune->N.Node,
2036-01-02,,,3466.4,VERY HIGH,Pluto->N.Node,
2036-01-03,,,4153.3,PEAK,Jupiter->Neptune,
2036-01-04,,,3943.0,PEAK,Jupiter->Neptune,
2036-01-05,,,3989.2,PEAK,Jupiter->Neptune,
2036-01-06,,,3231.8,HIGH,Pluto->N.Node,
2036-01-20,,,3460.6,VERY HIGH,Mercury->Neptune,
2036-02-08,,,3305.7,HIGH,Pluto->N.Node,
2036-02-09,,,3219.2,HIGH,Pluto->N.Node,
2036-02-14,,,3193.5,HIGH,Pluto->N.Node,
2036-02-29,,,3355.9,HIGH,Pluto->N.Node,
2036-03-01,,,3230.0,HIGH,Saturn->Pluto,
2036-03-03,,,3188.7,HIGH,Saturn->Pluto,
2036-03-06,,,3256.5,HIGH,Pluto->N.Node,
2036-03-07,,,3253.9,HIGH,Pluto->N.Node,
2036-03-10,,,3224.3,HIGH,Pluto->N.Node,
2036-03-15,,,3562.4,VERY HIGH,Pluto->N.Node,
2036-03-16,,,3547.1,VERY HIGH,Pluto->N.Node,
2036-03-17,,,3519.6,VERY HIGH,Pluto->N.Node,
2036-03-18,,,5033.0,PEAK,Uranus->Neptune,
2036-03-19,,,3661.7,VERY HIGH,Uranus->Neptune,
2036-03-20,,,3899.7,PEAK,Uranus->Neptune,
2036-03-21,,,3594.5,VERY HIGH,Uranus->Neptune,
2036-03-23,,,3215.9,HIGH,Pluto->N.Node,
2036-03-24,,,3216.7,HIGH,Pluto->N.Node,
2036-03-28,,,3274.3,HIGH,Pluto->N.Node,
2036-03-30,,,3276.7,HIGH,Pluto->N.Node,
2036-04-12,,,3801.8,PEAK,Saturn->Pluto,
2036-04-15,,,3274.8,HIGH,Pluto->N.Node,
2036-04-16,,,3255.1,HIGH,Pluto->N.Node,
2036-04-22,,,3655.9,VERY HIGH,Mercury->Pluto,
2036-04-23,,,3675.8,VERY HIGH,Mercury->Pluto,
2036-04-24,,,3216.6,HIGH,Pluto->N.Node,
2036-04-26,,,3266.4,HIGH,Pluto->N.Node,
2036-05-07,,,3378.5,HIGH,Pluto->N.Node,
2036-05-08,,,3245.0,HIGH,Pluto->N.Node,
2036-05-09,,,3342.3,HIGH,Pluto->N.Node,
2036-05-13,,,3274.9,HIGH,Pluto->N.Node,
2036-05-14,,,3348.5,HIGH,Pluto->N.Node,
2036-05-15,,,3328.7,HIGH,Pluto->N.Node,
2036-05-16,,,3586.8,VERY HIGH,Mercury->Pluto,
2036-05-17,,,3700.1,VERY HIGH,Mercury->Pluto,
2036-05-19,,,3660.3,VERY HIGH,Pluto->N.Node,
2036-05-20,,,3616.8,VERY HIGH,Pluto->N.Node,
2036-05-21,,,5005.1,PEAK,Pluto->N.Node,
2036-05-22,,,3383.1,HIGH,Pluto->N.Node,
2036-06-19,,,3272.8,HIGH,Venus->N.Node,
2036-06-20,,,3292.8,HIGH,Venus->N.Node,
2036-06-21,,,3396.5,HIGH,Venus->N.Node,
2036-06-28,,,3201.1,HIGH,Pluto->N.Node,
2036-06-30,,,3209.8,HIGH,Pluto->N.Node,
2036-07-01,,,3342.4,HIGH,Pluto->N.Node,
2036-07-02,,,3212.6,HIGH,Pluto->N.Node,
2036-07-16,,,3200.9,HIGH,Pluto->N.Node,
2036-07-17,,,3303.1,HIGH,Pluto->N.Node,
2036-07-21,,,3297.9,HIGH,Pluto->N.Node,
2036-07-22,,,3195.4,HIGH,Pluto->N.Node,
2036-07-27,,,3488.7,VERY HIGH,Neptune->Uranus,
2036-07-28,,,3491.2,VERY HIGH,Neptune->Uranus,
2036-07-29,,,4443.5,PEAK,Neptune->Uranus,
2036-07-30,,,3489.6,VERY HIGH,Pluto->N.Node,
2036-07-31,,,3314.0,HIGH,Pluto->N.Node,
2036-08-09,,,3185.0,HIGH,Pluto->N.Node,
2036-08-17,,,3195.1,HIGH,Pluto->N.Node,
2036-08-18,,,3241.3,HIGH,Pluto->N.Node,
2036-08-21,,,3272.9,HIGH,Pluto->N.Node,
2036-08-22,,,3276.4,HIGH,Pluto->N.Node,
2036-08-23,,,3187.0,HIGH,Pluto->N.Node,
2036-08-24,,,3402.9,HIGH,Pluto->N.Node,
2036-08-25,,,3668.1,VERY HIGH,Mercury->Chiron,
2036-09-14,,,3211.1,HIGH,Pluto->Moon,
2036-09-16,,,3303.4,HIGH,Pluto->Moon,
2036-09-17,,,3633.7,VERY HIGH,Mercury->Neptune,
2036-09-18,,,3251.6,HIGH,Pluto->Moon,
2036-09-27,,,3191.9,HIGH,Pluto->Moon,
2036-10-02,,,3183.7,HIGH,Pluto->Moon,
2036-10-03,,,3235.9,HIGH,Pluto->Moon,
2036-10-07,,,3422.4,VERY HIGH,Pluto->Moon,
2036-10-08,,,3294.8,HIGH,Pluto->Moon,
2036-10-09,,,3209.9,HIGH,Pluto->Moon,
2036-10-10,,,3211.0,HIGH,Pluto->Moon,
2036-10-11,,,3366.2,HIGH,Pluto->Moon,
2036-10-12,,,4168.2,PEAK,Jupiter->Mars,
2036-10-13,,,4135.8,PEAK,Jupiter->Mars,
2036-10-14,,,3915.0,PEAK,Jupiter->Mars,
2036-10-24,,,3793.1,PEAK,Uranus->Pluto,
2036-10-30,,,3624.7,VERY HIGH,Pluto->Moon,
2036-10-31,,,5392.0,PEAK,Pluto->Moon,
2036-11-01,,,3705.0,VERY HIGH,Pluto->N.Node,
2036-11-02,,,3633.3,VERY HIGH,Pluto->N.Node,
2036-12-08,,,3294.0,HIGH,Saturn->N.Node,
2036-12-10,,,3279.8,HIGH,Saturn->N.Node,
2036-12-11,,,3399.6,HIGH,Saturn->N.Node,
2036-12-12,,,4179.9,PEAK,Saturn->N.Node,
2036-12-13,,,4078.0,PEAK,Saturn->N.Node,
2036-12-14,,,3836.5,PEAK,Mercury->Neptune,
2036-12-15,,,3285.2,HIGH,Pluto->N.Node,
